RESP,SiteCode,ID#,PHYSACT,PHYSACTP,CLASS,CLASSP,RESPECT,RESPECTP,FRIENDS,FRIENDSP,RESPACTS,RESPACTSP,HAPPYAM,HAPPYAMP,MAKEFUN,MAKEFUNP,MISTAKE,MISTAKEP,LIKEPER,LIKEPERP,PAYATT,PAYATTP,STANDUP,STANDUPP,TIMECOMM,TIMECOMMP,SAD,SADP,HELPCOMM,HELPCOMMP,UPSET,UPSETP,BADLY,BADLYP,PICKED,PICKEDP,PA60day,PA60dayp,PA60wknd,PA60wkndp,ELEC,ELECP,AGE,AGEP,GRADE,GRADEP,BLACK,BLACKP,ASIAN,ASIANP,WHITE,WHITEP,HISP,HISPP,OTHER,OTHERP,PARTSEAS,PARTSEASP
1,Marvine,151,4,4,5,1,4,5,4,2,5,4,5,5,4,5,3,4,5,5,5,1,5,4,4,4,4,5,3,4,2,5,2,5,4,5,4,,3,,1,,9,9,4,4,0,0,,,0,0,1,1,,,0,0
2,Marvine,152,4,4,2,5,5,5,5,4,5,5,5,5,1,2,5,5,5,5,5,5,4,3,5,3,5,2,5,4,5,3,5,2,5,5,6,3,3,2,7,4,10,11,5,5,1,1,,,0,0,1,,,,0,1
3,Marvine,153,2,4,5,5,4,3,5,5,5,5,5,5,1,1,3,4,5,5,5,4,2,5,4,3,3,4,5,5,3,5,2,5,1,5,4,4,3,2,5,6,10,9,4,4,0,0,,,0,0,1,1,,,3,2
4,Marvine,154,4,4,4,4,4,4,5,5,4,4,5,5,2,1,3,3,5,4,5,5,5,4,4,5,4,5,5,4,5,5,5,4,5,5,2,3,3,2,7,2,9,10,4,4,0,0,,,0,0,1,1,,,,0
5,Marvine,155,2,3,5,5,5,4,4,4,5,2,5,5,1,2,4,3,5,5,2,3,,3,5,,5,4,5,2,5,3,5,4,5,3,1,4,3,3,2,5,8,8,3,3,1,1,,,0,0,0,,,,0,0
6,Marvine,156,4,4,5,5,5,5,5,5,5,5,5,5,1,1,5,5,5,5,5,5,5,5,4,5,3,5,4,5,4,5,4,5,5,5,7,6,2,2,7,7,9,9,4,4,0,0,,,0,0,0,,1,1,0,0
7,Marvine,157,3,2,5,4,5,5,4,5,5,5,5,5,2,2,2,4,5,5,5,4,5,5,5,2,5,5,5,3,5,5,5,5,5,5,6,1,0,1,7,7,9,9,4,4,1,1,,,0,0,0,,,,0,0
8,Marvine,158,,4,,2,,5,,5,,5,,2,,5,,5,,5,,5,,5,,3,,5,,5,,5,,5,,5,,6,,3,,4,,9,,4,0,0,,,0,0,0,1,,,,1
9,Marvine,159,,1,,1,,1,,1,,1,,1,,1,,2,,1,,1,,1,,1,,,,,,,,,,,,,,,,,,,,,,,,,0,0,,,,,,
10,Marvine,160,,4,,2,,2,,5,,4,,5,,5,,2,,1,,4,,4,,2,,5,,4,,5,,5,,5,,,,,,,,,,,0,0,,,0,0,,,,,,
11,Marvine,161,,,,,,,,,,,,,,,,,,,,,,,,,,,,,,,,,,,,,,,,,,,,,,,,,,,,,,,,
12,Marvine,162,,,,,,,,,,,,,,,,,,,,,,,,,,,,,,,,,,,,,,,,,,,,,,,,,,,,,,,,
13,Marvine,163,,,,,,,,,,,,,,,,,,,,,,,,,,,,,,,,,,,,,,,,,,,,,,,,,,,,,,,,
14,Marvine,164,,,,,,,,,,,,,,,,,,,,,,,,,,,,,,,,,,,,,,,,,,,,,,,,,,,,,,,,
15,Marvine,165,,,,,,,,,,,,,,,,,,,,,,,,,,,,,,,,,,,,,,,,,,,,,,,,,,,,,,,,
16,Lincoln Elem,136,5,4,4,4,4,3,5,4,4,,4,4,2,2,2,3,,4,4,4,3,3,2,3,2,5,2,5,3,4,4,3,4,2,6,6,3,2,5,6,10,10,5,5,0,0,,,0,,1,,,1,0,0
17,Lincoln Elem,137,4,3,5,4,3,5,4,2,5,4,4,2,4,2,5,4,5,3,2,3,5,5,3,3,5,2,2,4,5,2,5,3,4,2,3,3,2,2,5,2,10,10,5,5,0,0,,,0,,1,1,,,2,2
18,Lincoln Elem,138,3,,4,,4,,4,,5,,5,,1,,4,,,,5,,3,,5,,4,,5,,4,,4,,5,,5,,2,,4,,10,,5,,0,0,,,0,,1,,,,0,
19,Lincoln Elem,139,4,4,5,5,5,4,5,5,5,5,4,3,2,3,4,5,3,3,4,3,5,4,3,2,4,4,3,4,3,5,4,5,5,5,4,4,2,1,4,4,10,11,5,5,0,0,,,0,,1,1,,,0,1
20,Lincoln Elem,140,4,5,5,4,5,5,5,5,4,5,5,5,2,2,4,5,4,4,4,4,5,4,3,4,4,5,4,4,3,5,4,5,5,5,3,4,3,2,4,3,10,10,5,5,0,0,,,1,1,0,,,,0,
21,Lincoln Elem,141,2,3,4,5,4,4,3,5,3,3,5,5,5,4,3,3,4,5,2,5,3,4,2,5,4,4,3,4,4,5,4,5,5,5,2,3,2,2,7,7,10,10,5,5,1,1,,,0,,0,,,,1,2
22,Lincoln Elem,142,5,4,5,1,5,4,5,1,5,1,5,4,5,4,5,1,5,4,1,1,1,1,5,1,5,4,5,1,5,4,5,4,1,4,6,6,3,3,3,3,11,11,5,5,0,0,,,1,1,0,,,,0,
23,Lincoln Elem,143,4,4,4,3,5,5,4,,5,4,3,3,5,5,5,5,4,2,4,3,5,4,,4,4,5,5,4,4,5,5,5,5,5,3,4,2,2,2,2,10,10,5,5,1,1,,,0,,0,,,,2,3
24,Lincoln Elem,144,4,4,5,3,5,5,2,2,4,4,5,4,3,1,4,3,4,5,3,4,3,3,4,2,5,4,2,3,5,5,4,5,5,5,6,1,,2,3,2,10,10,5,5,0,0,,,0,,1,1,,,0,0
25,Lincoln Elem,145,4,5,5,5,5,5,5,5,5,5,5,5,3,1,4,4,5,5,5,5,3,3,4,5,5,4,5,5,4,3,5,3,5,4,6,6,3,3,7,7,10,10,5,5,0,0,,,1,1,0,,,,0,0
26,Lincoln Elem,146,4,5,5,4,5,5,5,5,4,5,3,5,2,2,4,3,3,4,4,4,5,5,4,5,4,5,4,5,5,5,5,5,5,3,3,3,3,7,7,7,10,5,5,,0,0,,,1,1,0,,,,0,0
27,Lincoln Elem,147,5,4,5,4,5,4,5,4,5,5,5,5,2,3,5,5,5,5,5,5,5,5,5,5,5,5,5,5,5,5,5,5,5,5,6,6,3,3,7,5,11,11,5,5,1,0,,,0,,0,1,,,2,0
28,Lincoln Elem,148,3,,4,,5,,4,,5,,4,,4,,4,,5,,4,,3,,3,,5,,4,,5,,5,,5,,2,,1,,4,,10,,5,,0,0,,,0,,1,,,,0,
29,Lincoln Elem,149,,,,,,,,,,,,,,,,,,,,,,,,,,,,,,,,,,,,,,,,,,,,,,,,,0,,,,,,,
30,Lincoln Elem,150,,,,,,,,,,,,,,,,,,,,,,,,,,,,,,,,,,,,,,,,,,,,,,,,,0,,,,,,,
31,Zephyr,211,4,4,4,5,5,4,4,5,4,4,5,5,1,1,4,3,5,5,4,4,3,4,4,4,4,4,4,4,4,3,4,4,5,4,4,4,2,2,,5,9,9,4,4,0,0,,,0,,1,1,,,0,
32,Zephyr,212,3,5,5,4,5,5,5,5,5,5,5,5,1,1,4,5,5,5,5,4,5,5,3,4,5,5,3,5,5,5,5,5,5,5,3,5,2,3,6,4,10,10,5,5,0,1,,,0,,0,,1,,0,0
33,Zephyr,213,2,4,1,2,2,2,5,2,4,5,5,5,1,5,,5,5,5,1,1,1,5,2,1,5,5,2,1,1,5,1,5,1,5,,6,,3,,7,,9,,4,0,1,,,0,,0,,,,,0
34,Zephyr,214,4,5,3,3,5,4,4,4,4,5,5,5,2,3,5,3,5,5,4,4,4,4,4,3,4,3,4,3,5,2,5,2,4,2,6,4,2,3,5,5,10,10,4,4,0,0,,,0,,0,,1,1,0,0
35,Zephyr,215,4,4,5,5,4,5,5,5,4,5,4,5,1,1,4,4,4,5,5,5,3,4,2,4,4,4,2,4,4,4,4,4,4,4,4,3,3,2,3,4,10,11,5,5,0,0,,,1,1,0,,,,1,1
36,Zephyr,216,2,2,3,5,4,5,2,4,5,5,5,5,1,1,5,5,5,5,4,5,4,5,5,4,5,5,4,5,4,5,5,5,5,5,3,1,2,1,5,5,10,10,5,5,0,0,,,0,,1,1,0,,,0
37,Zephyr,217,4,,4,,5,,5,,5,,5,,1,,5,,5,,3,,5,,4,,5,,3,,5,,5,,5,,,,,,,,10,,5,,0,0,,,0,,1,,,,0,
38,Zephyr,218,3,3,3,4,5,5,4,4,5,5,4,4,2,4,3,4,4,,4,4,4,,2,3,4,,4,4,4,5,,5,4,5,3,3,2,1,2,2,9,10,5,5,0,0,,,0,,1,1,,,0,0
39,Zephyr,219,4,,4,,5,,4,,3,,5,,2,,3,,4,,4,,3,,2,,5,,3,,5,,5,,5,,3,,2,,6,,11,,5,,0,0,,,0,,0,,1,,,
40,Zephyr,220,4,4,5,5,4,4,5,5,4,4,4,5,3,5,3,2,4,4,4,4,3,2,2,2,4,3,2,2,3,3,3,3,4,3,2,2,1,2,4,4,10,10,5,5,0,0,,,0,,1,1,,,2,1
41,Zephyr,221,4,5,3,2,5,4,3,1,4,3,5,2,1,5,3,3,5,3,3,2,5,4,5,3,5,3,4,,4,2,4,2,4,4,4,3,3,2,2,7,9,9,4,4,0,0,,,0,,0,,1,1,0,0
42,Zephyr,222,4,5,5,5,5,5,5,5,4,4,5,5,1,1,3,4,5,5,4,4,4,4,2,2,3,4,2,4,4,3,3,4,4,4,4,6,2,3,5,5,10,11,5,5,1,1,,,0,,0,,,,0,0
43,Zephyr,223,3,4,4,4,4,4,4,3,4,4,4,3,1,1,3,3,4,3,3,4,3,2,2,1,2,2,2,1,2,2,4,2,4,3,3,6,3,2,4,4,9,9,3,4,1,1,,,0,,0,,,,0,0
44,Zephyr,224,5,4,5,5,5,5,5,3,5,5,5,5,2,3,4,4,5,5,4,4,4,4,5,5,5,4,5,5,4,4,5,4,5,5,5,3,3,3,5,6,10,10,5,5,0,0,,,1,1,0,,,,0,0
45,Zephyr,225,3,4,4,5,4,4,2,5,3,3,4,4,2,2,3,4,4,5,4,2,3,4,3,4,3,5,2,3,4,4,4,5,4,5,,1,,2,,5,10,11,5,5,0,0,,,0,,0,,1,1,0,1
46,Clark Summit Elem,257,4,4,4,5,5,5,5,4,5,5,5,5,1,1,5,4,5,4,2,2,5,5,4,4,5,5,4,4,5,5,5,3,5,4,5,6,2,2,4,7,9,10,4,4,0,0,,,1,1,0,,,,2,2
47,Clark Summit Elem,258,4,4,3,5,4,2,2,5,3,3,3,4,2,4,4,3,3,4,3,2,5,5,1,4,2,5,1,4,3,4,1,3,3,5,2,3,1,3,7,3,10,10,4,4,0,0,,,1,1,0,,,,3,3
48,Clark Summit Elem,259,4,4,5,5,5,5,5,5,5,5,5,4,2,3,5,5,5,5,3,4,5,5,4,4,5,5,5,4,3,5,4,5,5,5,4,5,2,3,1,1,8,9,3,3,1,1,,,0,,0,,,,0,0
49,Clark Summit Elem,260,4,3,5,4,5,5,2,4,5,5,5,5,2,1,3,5,4,5,5,4,4,4,4,4,5,5,2,4,5,5,4,5,5,5,4,4,2,3,4,2,8,8,3,3,0,0,,,0,1,0,,1,,0,0
50,Clark Summit Elem,261,5,5,5,5,5,4,4,4,4,4,5,5,2,2,5,5,5,5,4,4,4,4,4,4,4,5,4,4,5,4,5,4,4,5,4,4,2,3,5,3,8,9,3,3,0,0,,,1,1,0,,,,0,0
51,Clark Summit Elem,262,4,4,5,5,4,4,5,2,4,4,5,4,1,2,5,4,5,5,5,4,5,4,4,4,4,4,5,5,5,3,4,5,5,4,2,4,2,3,1,1,8,8,3,3,0,0,,,1,1,0,,,,0,0
,Clark Summit Elem,263,4,4,5,5,5,5,4,5,4,4,5,5,3,4,4,4,5,5,3,4,5,3,4,2,5,3,3,2,5,4,4,3,4,3,5,1,2,2,2,3,8,9,3,3,0,0,,,1,1,0,,,,0,0
,Clark Summit Elem,264,5,5,5,5,5,5,5,4,4,3,5,5,1,1,5,3,5,5,5,4,5,5,5,4,3,3,5,4,4,3,5,5,4,5,4,3,2,2,2,4,9,9,4,4,0,0,,,1,1,0,,,,3,3
,Clark Summit Elem,265,3,3,4,4,5,5,4,4,5,4,4,4,1,2,4,5,4,5,2,5,4,4,3,4,3,4,3,4,3,3,3,4,3,3,2,2,3,2,4,2,9,9,4,4,0,0,,,1,,0,1,,,2,2
,Clark Summit Elem,266,5,5,5,5,5,5,5,5,5,5,5,5,1,1,5,5,5,5,5,5,5,5,5,5,5,5,5,5,5,5,5,5,5,5,1,2,1,2,7,1,8,8,3,3,0,0,,,0,,0,,1,,0,0
,Clark Summit Elem,267,4,4,2,5,5,5,4,5,5,5,5,5,3,1,5,5,5,5,2,3,5,5,5,5,5,5,5,5,5,5,5,5,5,5,3,4,1,3,1,2,8,9,3,3,0,0,,,1,,0,,,,0,0
,Clark Summit Elem,268,1,5,2,5,2,5,2,5,2,3,2,5,1,1,2,5,2,5,1,5,2,5,2,5,2,5,2,5,2,2,2,5,2,5,4,5,3,3,3,4,8,8,3,3,0,0,,,0,,1,1,,,0,0
52,Clark Summit Elem,269,,4,,5,,4,,5,,5,,5,,2,,5,,5,,5,,4,,4,,5,,3,,5,,5,,5,,4,,3,,5,,9,,4,0,0,,,0,1,0,,,,,0
53,Clark Summit Elem,270,,,,,,,,,,,,,,,,,,,,,,,,,,,,,,,,,,,,,,,,,,,,,,,,,,,,,,,,
54,Clark Summit Elem,271,,,,,,,,,,,,,,,,,,,,,,,,,,,,,,,,,,,,,,,,,,,,,,,,,,,,,,,,
55,Clark Summit Elem,272,,,,,,,,,,,,,,,,,,,,,,,,,,,,,,,,,,,,,,,,,,,,,,,,,,,,,,,,
56,Clark Summit Elem,273,,,,,,,,,,,,,,,,,,,,,,,,,,,,,,,,,,,,,,,,,,,,,,,,,,,,,,,,
57,Clark Summit Elem,274,,,,,,,,,,,,,,,,,,,,,,,,,,,,,,,,,,,,,,,,,,,,,,,,,,,,,,,,
58,Clark Summit Elem,275,,,,,,,,,,,,,,,,,,,,,,,,,,,,,,,,,,,,,,,,,,,,,,,,,,,,,,,,
59,Clark Summit Elem,276,,,,,,,,,,,,,,,,,,,,,,,,,,,,,,,,,,,,,,,,,,,,,,,,,,,,,,,,
60,Clark Summit Elem,277,,,,,,,,,,,,,,,,,,,,,,,,,,,,,,,,,,,,,,,,,,,,,,,,,,,,,,,,
61,Clark Summit Elem,278,,,,,,,,,,,,,,,,,,,,,,,,,,,,,,,,,,,,,,,,,,,,,,,,,,,,,,,,
62,Clark Summit Elem,279,,,,,,,,,,,,,,,,,,,,,,,,,,,,,,,,,,,,,,,,,,,,,,,,,,,,,,,,
63,Clark Summit Elem,280,,,,,,,,,,,,,,,,,,,,,,,,,,,,,,,,,,,,,,,,,,,,,,,,,,,,,,,,
64,Clear Run Interm,181,4,,5,,5,,4,,4,,2,,1,,4,,3,,5,,4,,3,,4,,4,,5,,5,,5,,4,,2,,5,,11,,6,,1,0,,,0,,0,,,,0,
65,Clear Run Interm,,5,2,5,3,3,4,2,5,3,5,5,4,1,4,3,3,5,2,4,4,4,5,3,5,4,2,3,2,4,5,3,4,3,5,4,5,2,1,7,7,12,10,6,5,0,0,,,0,,0,1,1,,3,1
66,Clear Run Interm,182,3,4,5,4,5,5,5,4,5,2,2,3,,5,5,4,5,5,5,4,5,4,5,4,5,5,5,4,5,4,5,4,5,5,2,1,1,2,2,4,8,9,3,3,0,0,,,1,1,0,,,,0,0
67,Clear Run Interm,,4,,5,,5,,3,,5,,4,,1,,5,,5,,4,,5,,4,,5,,3,,4,,4,,5,,5,,3,,6,,9,,4,,1,0,,,0,,0,,,,0,
68,Clear Run Interm,183,4,2,4,4,4,2,5,2,5,2,4,3,2,1,4,2,5,3,4,2,3,2,3,2,2,3,4,3,4,2,4,3,4,2,2,1,1,1,7,7,10,10,5,5,0,0,,,1,,0,1,,,0,0
69,Clear Run Interm,,5,,5,,5,,5,,5,,5,,1,,1,,5,,3,,5,,3,,5,,3,,5,,5,,5,,6,,3,,4,,10,,5,,1,0,,,0,,0,,,,0,
70,Clear Run Interm,184,5,5,4,4,5,4,5,5,3,4,5,4,3,1,4,3,5,4,4,3,3,4,5,4,5,5,5,4,5,4,4,4,3,5,4,5,2,2,3,7,10,10,5,5,0,0,,,0,,1,1,,,1,2
71,Clear Run Interm,,2,5,5,5,5,4,5,4,4,4,3,5,1,2,5,4,3,5,3,3,3,4,1,3,3,3,1,3,5,3,5,4,5,4,2,6,3,3,7,6,8,10,3,5,0,1,,,0,,0,,,,0,0
72,Clear Run Interm,185,4,,4,,5,,5,,5,,5,,4,,5,,5,,5,,5,,4,,5,,5,,5,,5,,5,,3,,2,,5,,12,,6,,0,0,,,0,,0,,1,,0,
73,Clear Run Interm,,3,3,3,4,4,5,3,5,4,5,4,5,2,1,4,5,5,5,4,3,2,5,2,3,4,5,2,3,4,5,4,5,4,5,1,2,2,2,7,5,10,8,5,3,0,0,,,1,1,0,,,,0,1
74,Clear Run Interm,186,2,3,5,4,5,5,5,5,5,5,5,5,1,2,5,5,,5,,5,5,5,5,5,5,5,5,5,5,5,5,5,5,5,6,4,2,3,4,5,8,9,3,3,0,0,,,1,1,0,,,,0,0
75,Clear Run Interm,187,4,5,5,5,5,5,4,5,4,5,5,5,3,1,5,4,4,5,5,,,5,4,,5,5,4,5,4,5,5,5,5,5,6,6,3,3,4,4,8,8,3,3,0,0,,,0,,0,,,1,0,0
76,Clear Run Interm,188,5,5,5,4,5,5,4,5,4,3,4,4,2,4,4,3,5,5,4,4,4,3,2,3,3,4,2,3,4,4,4,3,3,3,4,5,1,2,2,7,11,11,5,5,1,1,,,0,,0,,,,0,0
77,Clear Run Interm,189,5,4,4,4,5,4,4,4,4,3,3,4,1,1,4,3,3,4,3,3,5,3,4,2,5,5,4,2,5,5,5,5,5,5,3,3,2,2,6,7,10,10,5,5,0,0,,,0,,1,1,,,0,0
78,Clear Run Interm,190,4,4,5,5,5,5,4,5,5,4,5,3,1,1,1,4,5,5,4,4,4,2,3,1,4,3,3,2,4,4,4,4,4,4,4,3,2,2,5,7,10,10,5,5,0,0,,,0,,1,1,,,0,0
79,Clear Run Interm,191,4,3,5,4,5,5,5,5,5,4,5,3,1,2,4,5,5,,5,3,,3,4,2,5,3,4,3,5,4,5,3,5,3,6,5,3,2,2,5,8,8,3,3,0,0,,,0,,1,1,,,0,0
80,Clear Run Interm,192,4,,5,,5,,5,,4,,4,,3,,3,,4,,4,,4,,4,,4,,4,,,,3,,4,,6,,2,,1,,11,,6,,0,0,,,0,,1,,,,0,
81,Clear Run Interm,193,4,,2,,5,,3,,4,,4,,2,,3,,4,,3,,2,,3,,5,,5,,4,,3,,5,,5,,2,,5,,8,,3,,0,0,,,0,,0,,,,0,
82,Clear Run Interm,194,5,5,5,5,5,5,5,5,5,5,5,5,1,3,5,5,5,5,5,4,5,,4,4,1,5,4,4,5,5,4,5,5,5,5,,3,,3,,9,10,4,4,0,0,,,1,1,0,,,,0,0
83,Clear Run Interm,195,3,4,2,2,4,5,2,3,5,4,5,5,4,1,,5,5,5,5,,4,5,5,5,5,5,4,5,5,5,5,5,5,5,3,3,3,2,4,4,10,10,5,5,0,0,,,0,,0,,1,1,0,0
84,Nazareth Interm,166,3,3,4,3,5,5,5,5,5,5,2,1,2,4,4,4,3,3,3,2,5,5,4,3,5,5,5,5,5,5,5,5,5,5,2,4,3,2,2,2,10,10,5,5,0,0,,,1,1,0,,,,0,0
85,Nazareth Interm,167,4,,4,,5,,5,,4,,5,,2,,4,,5,,4,,4,,3,,4,,3,,5,,5,,5,,5,,2,,2,,12,,6,,0,0,,,1,,0,,,,1,
86,Nazareth Interm,168,3,4,5,5,5,5,5,5,5,5,5,5,1,1,5,5,5,5,5,5,5,5,3,3,4,2,3,3,4,4,5,5,5,5,3,6,3,3,5,3,10,11,5,5,0,0,1,1,0,,0,,,,0,1
87,Nazareth Interm,169,4,4,5,5,5,5,4,5,5,5,5,5,1,1,5,4,5,5,4,3,5,4,4,1,5,5,4,2,5,5,5,5,5,5,6,3,3,2,5,2,10,10,5,5,0,0,,,1,1,0,,,,0,0
88,Nazareth Interm,170,4,,5,,5,,5,,5,,5,,1,,5,,5,,4,,4,,5,,4,,5,,5,,5,,5,,5,,3,,3,,11,,5,,0,0,,,1,,0,,,,0,
89,Nazareth Interm,171,5,4,5,5,5,5,5,5,5,5,5,5,1,1,1,3,5,5,5,4,5,3,5,4,5,5,5,4,5,5,5,4,5,5,3,3,2,2,2,4,11,11,6,6,0,0,,,1,1,0,,,,0,1
90,Nazareth Interm,172,5,4,5,5,5,5,4,4,5,5,5,4,1,1,5,4,5,5,4,4,4,4,4,4,5,5,4,3,4,5,5,5,5,5,6,6,3,3,5,5,10,11,5,5,0,0,,,1,1,0,,,,0,0
91,Nazareth Interm,173,4,4,5,5,5,5,5,5,5,5,5,5,1,1,5,3,5,5,5,4,4,3,4,4,5,5,4,4,5,5,5,5,5,5,5,5,3,3,3,4,11,11,6,6,0,0,,,1,1,0,,,,0,0
92,Nazareth Interm,174,4,4,5,5,5,5,4,5,5,5,5,5,1,5,4,4,5,5,5,4,4,3,4,4,5,5,5,4,5,5,5,5,5,5,3,4,2,2,2,2,11,11,6,6,0,0,1,1,0,,0,,,,0,0
93,Nazareth Interm,175,3,3,4,4,5,4,2,3,5,4,4,5,1,1,3,3,5,5,4,3,2,3,5,5,5,5,4,5,4,4,4,4,5,4,4,4,2,2,3,2,10,10,6,6,0,0,1,1,0,,0,,,,0,0
94,Nazareth Interm,176,4,4,5,5,4,4,5,5,4,3,3,4,5,5,5,5,4,4,5,5,5,5,5,5,5,4,5,4,5,4,5,4,5,5,6,6,6,1,6,5,11,11,6,6,0,0,,,1,1,0,,,,0,1
95,Nazareth Interm,177,4,,5,,5,,5,,5,,3,,1,,5,,3,,5,,5,,5,,5,,5,,5,,4,,5,,6,,3,,5,,11,,6,,0,0,,,1,,0,,,,0,3
96,Nazareth Interm,178,4,5,4,4,4,4,4,5,4,4,4,4,4,4,3,4,4,4,2,3,2,3,3,3,4,5,4,4,4,5,4,5,4,5,4,4,2,3,3,2,11,11,6,6,0,0,,,1,1,0,,,,3,3
97,Nazareth Interm,179,5,,5,,4,,5,,5,,4,,1,,5,,5,,,,4,,4,,5,,4,,5,,4,,5,,6,,3,,2,,11,,6,,0,0,,,1,,0,,,,0,
98,Nazareth Interm,180,4,5,5,4,5,5,5,4,4,5,5,5,2,1,2,2,5,5,4,5,5,5,4,3,5,5,5,2,5,5,4,3,5,5,,3,,2,,4,,11,,5,0,1,,,0,,0,,,,,10
99,Howard Gard Charter,281,5,,5,,5,,5,,5,,5,,2,,4,,5,,3,,5,,5,,5,,5,,5,,5,,5,,5,,2,,4,,10,,4,,0,0,,,1,,0,,,,0,
100,Howard Gard Charter,282,5,,4,,4,,5,,4,,5,,4,,3,,5,,2,,4,,5,,5,,4,,5,,5,,5,,3,,2,,5,,8,,3,,0,0,,,1,,0,,,,0,
101,Howard Gard Charter,283,3,,5,,5,,4,,5,,5,,1,,4,,5,,1,,4,,5,,5,,4,,5,,5,,5,,6,,2,,5,,8,,3,,0,0,,,0,,1,,,,0,
102,Howard Gard Charter,284,5,,5,,5,,5,,1,,5,,5,,5,,5,,5,,5,,5,,5,,5,,5,,5,,5,,3,,2,,,,8,,3,,0,0,,,1,,0,,,,0,
103,Howard Gard Charter,285,5,,4,,5,,4,,5,,4,,2,,3,,4,,2,,5,,5,,4,,5,,5,,5,,5,,2,,2,,6,,8,,3,,0,0,,,1,,0,,,,0,
104,Howard Gard Charter,286,2,,5,,4,,3,,2,,5,,1,,2,,,,1,,2,,1,,4,,1,,5,,5,,5,,2,,1,,4,,10,,5,,0,0,,,1,,0,,,,1,
105,Howard Gard Charter,287,5,,4,,5,,4,,5,,4,,2,,5,,4,,2,,5,,3,,5,,3,,5,,5,,5,,1,,2,,4,,10,,5,,0,0,,,1,,0,,,,4,
106,Howard Gard Charter,288,5,,5,,5,,5,,5,,5,,3,,4,,5,,4,,5,,5,,5,,4,,5,,5,,5,,5,,2,,1,,8,,3,,0,0,,,1,,0,,,,0,
107,Howard Gard Charter,289,2,,5,,5,,5,,4,,5,,1,,3,,5,,4,,2,,2,,3,,3,,4,,3,,3,,3,,1,,2,,9,,4,,0,0,,,1,,0,,,,1,
108,Howard Gard Charter,290,4,,5,,4,,5,,5,,5,,2,,4,,5,,4,,3,,3,,5,,3,,5,,5,,5,,2,,2,,1,,9,,4,,0,0,,,1,,0,,,,0,
109,Howard Gard Charter,291,5,,5,,5,,5,,5,,5,,4,,5,,5,,4,,5,,5,,5,,5,,5,,5,,5,,2,,1,,6,,9,,4,,0,0,,,1,,0,,,,1,
110,Howard Gard Charter,292,1,,5,,5,,4,,4,,5,,1,,2,,5,,4,,5,,4,,5,,3,,5,,1,,4,,4,,1,,7,,9,,3,,0,0,,,0,,0,,,,,
111,Howard Gard Charter,293,,,,,,,,,,,,,,,,,,,,,,,,,,,,,,,,,,,,,,,,,,,,,,,,,,,,,,,,
112,Howard Gard Charter,294,,,,,,,,,,,,,,,,,,,,,,,,,,,,,,,,,,,,,,,,,,,,,,,,,,,,,,,,
113,Howard Gard Charter,295,,,,,,,,,,,,,,,,,,,,,,,,,,,,,,,,,,,,,,,,,,,,,,,,,,,,,,,,
114,Lackawanna Trail,76,4,4,4,3,4,4,4,5,5,5,4,4,1,1,4,4,5,5,3,4,2,4,2,1,4,5,2,1,2,5,2,4,3,5,4,2,1,3,3,4,9,9,4,4,0,0,,,1,1,0,,,,1,1
115,Lackawanna Trail,77,5,4,5,5,5,5,5,5,5,5,5,5,1,2,5,5,5,4,4,4,5,4,4,4,5,5,4,4,4,5,5,5,5,5,4,4,2,3,2,2,9,9,4,4,0,0,,,1,1,0,,,,0,0
116,Lackawanna Trail,78,3,4,5,5,5,5,5,5,4,4,5,5,2,2,3,3,4,5,3,4,2,4,2,2,5,5,2,3,5,4,4,5,5,5,4,3,2,2,2,3,8,8,3,3,0,0,,,1,1,0,,,,0,0
117,Lackawanna Trail,79,4,4,4,4,5,5,4,4,5,5,5,5,3,2,5,3,5,5,2,5,3,4,2,3,5,5,5,4,5,5,5,5,5,5,5,3,2,2,5,3,8,9,3,3,0,0,,,1,1,0,,,,0,0
118,Lackawanna Trail,80,5,5,5,5,5,5,4,5,5,5,4,4,1,1,5,4,5,5,4,4,5,4,1,4,4,5,3,4,3,5,3,5,3,5,3,5,3,3,2,2,7,8,3,3,0,0,,,1,1,0,,,,0,0
119,Lackawanna Trail,81,5,4,4,5,4,3,5,5,5,5,3,3,1,1,4,1,3,3,4,4,5,5,2,1,4,3,3,4,3,2,2,2,2,4,1,4,2,3,3,3,9,9,3,3,0,0,,,1,1,0,,,,0,0
120,Lackawanna Trail,82,3,3,4,2,3,3,5,2,3,2,3,2,2,3,3,3,3,2,3,3,3,3,3,2,3,2,3,3,3,2,3,2,3,3,3,5,3,3,7,6,10,11,5,5,0,0,,,1,1,0,,,,1,1
121,Lackawanna Trail,83,4,,5,,5,,5,,5,,3,,2,,4,,4,,3,,4,,3,,5,,4,,5,,5,,5,,6,,3,,4,,10,,5,,1,1,,,0,,0,,,,1,
122,Lackawanna Trail,84,4,4,5,5,5,4,5,4,4,4,5,5,1,2,4,4,5,4,4,5,5,5,2,1,5,4,2,2,5,5,5,4,5,4,3,5,2,3,2,5,10,10,5,5,0,0,,,1,1,0,,,,1,2
123,Lackawanna Trail,85,4,4,5,4,5,5,5,4,5,5,5,5,1,1,5,4,5,5,4,4,4,2,3,3,4,2,5,4,5,3,5,3,5,4,4,2,2,1,5,5,10,10,4,4,0,0,,,1,1,0,,,,0,0
124,Lackawanna Trail,86,5,3,5,5,5,5,5,4,5,4,5,4,2,1,4,3,5,5,4,4,5,5,3,1,5,4,3,3,5,5,5,5,5,5,5,3,2,3,4,5,9,10,4,4,0,0,,,1,1,0,,,,1,1
125,Lackawanna Trail,87,3,3,5,5,5,5,4,5,5,4,5,4,1,1,4,4,5,4,5,5,4,4,1,4,4,4,1,5,4,5,4,4,5,5,2,3,2,2,3,4,9,9,4,4,0,0,,,1,1,0,,,,2,1
126,Lackawanna Trail,88,4,4,3,3,5,5,5,5,4,3,5,5,2,2,5,4,5,5,4,4,5,4,4,4,5,4,5,5,4,4,5,4,5,5,4,4,2,3,1,1,8,8,3,3,0,0,,,1,1,0,,,,0,0
127,Lackawanna Trail,89,3,4,3,3,5,5,5,5,5,3,5,5,2,2,5,4,5,5,4,4,5,4,5,4,5,4,5,5,5,4,5,4,5,5,4,4,2,3,7,7,8,8,3,3,0,0,,,1,1,0,,,,0,0
128,Lackawanna Trail,90,5,3,2,4,4,5,4,4,5,5,5,5,2,3,5,5,5,5,4,4,4,5,4,5,5,5,4,5,4,4,5,5,5,5,4,4,2,3,1,2,8,8,3,3,0,0,,,1,1,0,,,,0,0
129,Lackawanna Trail,91,5,5,5,5,5,5,4,5,5,4,5,,2,2,5,4,5,5,4,5,5,5,3,4,5,5,5,4,5,5,5,5,5,5,4,6,3,,2,3,8,8,3,3,0,0,,,1,1,0,,,,0,0
130,Lackawanna Trail,92,,,,,,,,,,,,,,,,,,,,,,,,,,,,,,,,,,,,,,,,,,,,,,,,,,,,,,,,
131,Lackawanna Trail,93,,,,,,,,,,,,,,,,,,,,,,,,,,,,,,,,,,,,,,,,,,,,,,,,,,,,,,,,
132,Lackawanna Trail,94,,,,,,,,,,,,,,,,,,,,,,,,,,,,,,,,,,,,,,,,,,,,,,,,,,,,,,,,
133,Lackawanna Trail,95,,,,,,,,,,,,,,,,,,,,,,,,,,,,,,,,,,,,,,,,,,,,,,,,,,,,,,,,
134,Lakeland,96,4,4,5,5,5,5,4,4,5,5,5,4,1,2,4,3,5,3,4,4,5,3,4,3,5,5,4,3,5,4,4,5,5,4,3,5,2,3,4,4,9,9,3,3,0,0,,,1,1,0,,,,1,0
135,Lakeland,97,3,4,5,5,5,5,4,4,5,5,5,5,2,4,4,5,5,5,3,5,3,4,3,2,5,5,3,2,4,5,5,5,5,5,1,1,1,2,5,5,8,9,3,3,0,0,,,1,1,0,,,,0,0
136,Lakeland,98,4,4,5,5,4,4,5,4,4,3,5,5,1,1,4,4,5,5,5,4,3,5,3,4,3,5,3,4,3,5,4,4,5,4,5,4,3,2,4,4,8,8,3,3,0,0,,,1,1,0,,,,0,0
137,Lakeland,99,5,4,4,3,5,5,5,5,5,4,5,4,5,3,3,4,4,5,5,2,4,3,5,4,5,5,5,3,5,4,5,5,5,5,4,5,2,5,4,2,9,5,3,3,1,1,,,1,1,0,,,,0,0
138,Lakeland,100,5,5,5,4,5,5,3,4,5,4,5,5,2,4,5,4,5,5,4,4,5,4,4,4,5,5,4,4,5,5,5,5,5,5,5,5,2,3,2,3,11,11,5,5,0,0,,,1,1,0,,,,0,0
139,Lakeland,101,5,5,4,4,5,4,5,4,4,3,4,4,4,4,3,4,5,4,4,2,5,5,4,3,5,5,5,3,5,5,5,5,5,5,4,5,2,3,7,7,10,10,5,5,0,0,,,1,1,0,,,,0,0
140,Lakeland,102,5,5,2,3,4,5,3,5,5,4,3,5,5,5,4,3,4,4,2,4,5,4,4,3,5,5,5,4,5,5,5,5,5,5,6,6,3,3,7,5,10,10,5,5,0,0,,,1,1,0,,,,0,0
141,Lakeland,103,5,4,5,5,5,5,4,5,4,5,5,4,4,4,3,4,5,5,4,4,2,3,2,4,4,4,2,3,3,4,4,4,2,4,3,6,3,3,1,1,10,10,5,5,0,0,,,1,1,0,,,,0,0
142,Lakeland,104,3,3,5,5,4,4,4,5,3,3,4,4,5,3,3,2,4,4,3,5,2,5,1,1,5,5,3,2,5,5,4,5,5,5,3,2,2,1,3,7,10,11,5,5,0,0,,,1,1,0,,,,0,0
143,Lakeland,105,4,5,5,4,4,4,5,4,5,5,5,5,2,4,4,4,5,5,3,4,4,4,2,4,5,5,4,4,5,4,4,3,5,5,4,3,1,2,6,6,11,11,5,5,0,0,,,1,1,0,,,,0,0
144,Lakeland,106,4,4,4,5,4,5,4,5,2,3,4,4,2,2,2,3,3,4,2,4,4,5,5,5,5,5,5,5,5,5,5,5,5,5,2,,3,,4,,10,,5,,0,0,,,1,,0,,,,0,
145,Lakeland,107,4,4,4,5,4,5,5,5,3,5,5,4,2,2,3,3,3,4,3,4,2,5,4,4,5,5,5,5,5,5,5,5,5,5,1,,1,,4,,10,,5,,0,0,,,1,,0,,,,0,
146,Lakeland,108,5,4,5,4,5,5,4,4,5,5,2,4,2,4,4,5,4,4,4,3,5,5,3,4,4,4,4,4,4,4,4,4,5,4,5,5,2,2,2,5,12,12,6,6,0,0,,,1,1,0,,,,0,0
147,Lakeland,109,4,,3,,5,,5,,5,,5,,3,,2,,5,,5,,5,,3,,5,,4,,5,,5,,5,,4,,3,,6,,11,,5,,0,0,,,1,,0,,,,0,
148,Lakeland,110,4,3,4,5,5,5,3,4,5,2,4,4,2,2,4,2,4,4,2,4,3,4,3,3,4,4,3,3,4,4,3,4,4,4,5,4,2,2,6,4,11,11,6,5,0,0,,,1,1,0,,,,0,0
149,Lakeland,111,4,4,4,4,5,4,4,5,3,5,4,4,3,3,4,4,4,4,3,4,3,2,4,3,4,3,4,3,3,4,4,4,4,4,6,,3,,4,,11,,6,,0,0,,,1,,0,,,,0,
150,Lakeland,112,3,4,5,3,5,4,4,3,5,5,2,4,3,2,4,4,4,4,3,3,2,3,3,3,3,4,3,3,4,4,4,4,6,4,2,6,4,2,7,4,11,11,,6,0,0,,,1,1,0,,,,0,0
151,Lakeland,113,4,4,5,5,5,5,4,,5,4,4,4,1,1,5,3,5,5,4,3,4,3,4,4,5,5,4,4,5,5,5,5,5,5,3,3,1,2,4,5,11,11,6,6,0,0,,,1,1,0,,,,0,0
152,Lakeland,114,4,4,4,4,5,5,4,5,5,5,5,5,1,2,5,5,5,5,4,5,4,4,5,5,5,5,5,5,5,5,5,5,5,5,5,3,2,2,3,3,11,11,6,6,0,0,,,1,1,0,,,,0,0
153,Lakeland,115,5,4,5,5,5,5,5,5,5,5,5,5,1,3,5,5,5,5,,5,5,5,4,4,5,5,4,5,5,5,5,5,5,5,6,5,2,3,3,2,11,11,6,6,0,0,,,1,1,0,,,,0,0
154,Lakeland,281,4,,5,,5,,2,,2,,4,,1,,4,,4,,4,,4,,2,,5,,4,,4,,5,,5,,1,,1,,4,,9,,4,,0,0,,,1,,0,,,,0,
155,Lakeland,282,3,,4,,5,,2,,5,,2,,2,,5,,3,,5,,5,,4,,5,,3,,4,,5,,3,,1,,3,,5,,10,,4,,0,0,,,1,,0,,,,0,
156,Lakeland,283,4,,5,,5,,4,,5,,5,,1,,5,,5,,5,,5,,3,,4,,4,,5,,5,,5,,3,,3,,4,,10,,4,,0,0,,,1,,0,,,,2,
157,Lakeland,284,2,,5,,5,,4,,4,,5,,1,,5,,5,,3,,5,,4,,5,,4,,5,,5,,5,,1,,2,,4,,8,,3,,0,0,,,1,,0,,,,0,
158,SVElem,196,5,5,5,4,5,4,5,5,4,4,5,5,1,4,5,4,5,4,4,4,3,3,2,3,3,4,4,5,3,3,3,4,2,4,4,6,2,3,4,5,9,10,4,4,0,0,,,1,1,0,,,,0,0
159,SVElem,197,5,,5,,5,,5,,4,,5,,2,,,,4,,5,,4,,2,,4,,4,,5,,4,,5,,4,,3,,3,,9,,4,,0,0,,,0,,1,,,,,
160,SVElem,198,,3,,2,,5,,4,,3,,5,,1,,4,,5,,3,,2,,,,4,,5,,3,,2,,4,,2,,3,,2,,9,,3,0,0,,,0,,0,,,,,10
161,SVElem,199,3,2,5,5,5,,2,4,5,5,4,3,2,4,,2,3,3,3,5,2,,4,1,2,4,5,4,5,5,5,4,4,5,2,5,,3,2,7,8,8,3,3,0,0,,,1,1,0,,,,0,0
162,SVElem,200,4,5,4,5,5,5,5,5,4,5,5,5,1,1,5,5,5,5,5,5,5,5,5,5,5,5,5,5,5,5,5,5,5,5,4,4,3,,3,1,8,8,3,3,0,0,,,1,1,0,,,,0,0
163,SVElem,201,3,,4,,5,,4,,5,,5,,4,,2,,4,,3,,4,,2,,2,,2,,2,,4,,5,,4,,3,,5,,9,,4,,0,0,,,1,,0,,,,0,
164,SVElem,202,4,5,5,5,5,5,4,4,4,5,5,5,1,1,4,2,5,5,5,4,4,4,3,3,4,5,4,3,4,5,4,5,4,5,3,6,2,2,4,4,9,9,4,4,0,0,,,0,,1,,,,0,1
165,SVElem,203,4,4,5,5,5,4,4,5,4,3,5,5,1,2,5,3,5,5,3,3,4,5,2,3,3,5,3,3,4,2,2,5,3,3,2,4,3,,3,4,9,10,4,4,0,0,,,1,1,0,,,,0,0
166,SVElem,204,4,4,2,2,5,5,1,2,5,3,5,4,4,3,3,1,5,5,5,2,5,3,3,3,1,5,5,4,5,5,2,5,5,4,4,4,3,3,4,4,8,9,3,3,0,0,,,1,1,0,,,,0,1
167,SVElem,205,4,5,3,5,4,4,5,5,3,5,4,5,2,2,3,3,5,4,3,5,4,5,2,2,5,4,4,4,5,4,5,3,5,5,2,3,2,2,4,4,9,10,4,4,0,0,,,1,1,0,,,,1,2
168,SVElem,206,4,4,5,4,5,4,4,5,5,5,5,5,5,4,5,5,5,4,4,4,5,5,4,3,5,3,3,3,5,3,5,4,5,4,2,4,2,2,4,7,8,9,3,3,0,0,,,1,1,0,,,,0,1
169,SVElem,207,4,4,5,4,5,5,5,4,4,5,4,5,1,1,4,4,4,5,4,4,5,3,,2,3,4,3,2,2,2,3,3,4,3,3,3,2,2,4,4,8,8,3,3,0,0,,,1,1,0,,,,0,0
170,SVElem,208,3,2,4,2,5,4,4,4,4,4,4,4,5,5,3,4,4,5,3,2,4,3,3,4,5,3,3,4,4,4,4,4,4,3,1,3,2,2,5,4,9,9,4,4,0,0,,,1,1,0,,,,3,3
171,SVElem,209,5,5,5,5,5,5,5,5,5,5,5,5,1,1,5,5,5,5,5,4,5,5,5,5,5,5,5,5,5,5,4,5,5,5,6,6,,3,1,3,8,,3,,0,0,,,1,1,0,,,,0,
172,SVElem,210,,,,,,,,,,,,,,,,,,,,,,,,,,,,,,,,,,,,,,,,,,,,,0,0,,,,,,,,,,
173,JFK,61,2,3,5,5,4,4,2,3,4,5,5,2,2,2,2,3,4,5,2,4,4,3,4,3,5,4,2,3,2,4,3,4,4,3,3,2,2,5,6,6,8,8,3,,0,0,,,0,,1,1,,,0,0
174,JFK,62,2,2,5,5,5,5,5,5,5,5,5,5,1,1,2,3,5,5,4,5,5,5,5,5,5,5,5,5,5,5,5,5,5,5,4,4,1,1,2,2,9,9,3,3,0,0,,,0,,1,1,,,0,0
175,JFK,63,2,2,5,5,5,5,5,5,3,5,5,4,1,2,5,5,5,5,5,5,5,5,5,5,1,3,5,5,1,2,5,5,5,5,3,3,3,3,3,3,8,8,3,3,1,1,,,0,,0,,,,0,0
176,JFK,64,3,4,5,5,5,5,5,5,5,5,5,5,1,1,3,4,5,5,5,5,4,5,2,3,2,3,5,5,5,5,5,5,5,5,2,2,2,2,4,3,8,8,3,3,1,1,,,0,,0,,,,0,0
177,JFK,65,2,3,5,5,5,5,5,5,5,5,5,5,1,1,5,5,1,3,1,3,5,5,5,5,1,5,2,3,4,3,1,4,5,5,6,3,1,1,2,2,8,8,3,3,0,0,,,0,,1,1,,,0,0
178,JFK,66,5,,5,,5,,5,,5,,5,,2,,5,,5,,4,,5,,5,,5,,5,,5,,5,,4,,4,,3,,,,3,,,,0,0,,,0,,1,,,,0,
179,JFK,67,4,5,5,5,4,4,5,5,4,5,5,5,1,1,4,4,5,5,5,5,5,5,1,5,5,5,1,3,5,5,5,5,5,5,2,3,2,2,4,3,9,9,4,4,0,0,,,0,,1,1,,,0,0
180,JFK,68,5,5,4,5,5,5,5,5,5,5,5,5,1,1,5,5,5,5,5,5,5,5,5,5,5,5,3,4,4,5,4,4,5,4,1,3,1,1,2,3,9,9,4,4,0,0,,,0,,0,,1,1,0,0
181,JFK,69,5,5,5,5,5,5,5,5,5,5,5,5,1,1,4,5,5,5,1,3,1,2,5,5,1,3,5,5,1,3,1,3,1,3,6,4,3,2,3,3,9,9,4,4,1,1,,,0,,0,,,,0,0
182,JFK,70,3,4,2,4,2,5,5,5,3,4,1,4,5,2,5,3,1,4,3,4,3,4,4,3,3,5,4,4,4,5,4,5,4,5,3,3,1,1,7,4,9,9,4,4,0,0,,,0,,1,1,,,0,0
183,JFK,71,5,5,5,5,5,4,5,5,5,5,5,5,4,2,4,3,5,5,4,5,4,5,5,4,5,5,5,5,5,5,5,5,5,5,6,6,3,3,7,4,9,9,4,4,0,0,,,1,1,0,,,,1,0
184,JFK,72,3,4,5,5,5,5,5,5,5,5,5,5,4,1,5,5,5,5,3,4,4,4,2,4,5,5,2,5,4,4,4,5,5,5,6,3,3,2,6,4,9,9,4,4,0,0,,,1,1,0,,,,0,0
184,JFK,73,2,4,5,5,5,5,2,4,5,5,2,4,1,1,4,5,5,5,3,4,2,4,4,3,5,5,4,5,4,5,4,5,4,5,2,3,3,2,4,3,9,9,4,4,0,0,,,0,,1,1,,,0,0
184,JFK,74,3,4,5,5,5,5,5,5,5,5,5,5,1,1,5,3,5,4,4,5,5,5,5,4,5,5,5,5,5,5,5,4,5,5,3,3,2,2,4,3,10,10,4,4,0,0,,,1,1,0,,,,0,0
184,JFK,75,5,5,5,5,5,5,5,5,5,5,5,5,4,1,5,5,5,5,5,5,5,5,5,5,5,5,4,4,5,5,5,5,5,5,4,3,3,2,4,3,10,10,4,4,1,1,,,0,,0,,,,0,0
185,JFK,76,5,5,4,5,5,5,5,5,4,5,5,4,1,1,5,5,5,5,5,4,5,5,5,4,5,5,4,4,4,5,5,5,5,5,4,3,3,2,2,2,10,10,4,4,1,1,,,0,,0,,,,0,0
186,Ada B Cheston,1,3,,4,,5,,4,,4,,5,,2,,4,,4,,3,,3,,3,,2,,3,,3,,3,,3,,3,,2,,3,,10,,5,,0,0,,,1,,0,,,,3,
187,Ada B Cheston,2,,,,,,,,,,,,,,,,,,,,,,,,,,,,,,,,,,,,,,,,,,,,,,,,,,,,,,,,
188,Ada B Cheston,3,,,,,,,,,,,,,,,,,,,,,,,,,,,,,,,,,,,,,,,,,,,,,,,,,,,,,,,,
189,Ada B Cheston,4,,,,,,,,,,,,,,,,,,,,,,,,,,,,,,,,,,,,,,,,,,,,,,,,,,,,,,,,
190,Ada B Cheston,5,,,,,,,,,,,,,,,,,,,,,,,,,,,,,,,,,,,,,,,,,,,,,,,,,,,,,,,,
191,Ada B Cheston,6,,,,,,,,,,,,,,,,,,,,,,,,,,,,,,,,,,,,,,,,,,,,,,,,,,,,,,,,
192,Ada B Cheston,7,,,,,,,,,,,,,,,,,,,,,,,,,,,,,,,,,,,,,,,,,,,,,,,,,,,,,,,,
193,Ada B Cheston,8,,,,,,,,,,,,,,,,,,,,,,,,,,,,,,,,,,,,,,,,,,,,,,,,,,,,,,,,
194,Ada B Cheston,9,,,,,,,,,,,,,,,,,,,,,,,,,,,,,,,,,,,,,,,,,,,,,,,,,,,,,,,,
195,Ada B Cheston,10,,,,,,,,,,,,,,,,,,,,,,,,,,,,,,,,,,,,,,,,,,,,,,,,,,,,,,,,
196,Ada B Cheston,11,,,,,,,,,,,,,,,,,,,,,,,,,,,,,,,,,,,,,,,,,,,,,,,,,,,,,,,,
197,Ada B Cheston,12,5,,5,,5,,5,,5,,5,,1,,4,,5,,4,,4,,3,,5,,4,,5,,5,,5,,4,,3,,7,,10,,5,,,,,,0,,1,,,,3,
198,Ada B Cheston,13,4,,4,,5,,5,,5,,5,,1,,4,,5,,3,,4,,5,,5,,5,,5,,5,,5,,6,,2,,2,,9,,4,,,,,,0,,1,,,,2,
199,Ada B Cheston,14,2,,5,,5,,5,,3,,5,,2,,4,,,,5,,5,,3,,5,,1,,5,,5,,5,,2,,1,,3,,8,,3,,1,,,,0,,,,,,0,
200,Ada B Cheston,15,5,,5,,5,,5,,5,,5,,1,,5,,5,,5,,5,,5,,5,,5,,5,,5,,5,,6,,3,,2,,10,,5,,1,,,,0,,,,,,2,
201,Swiftwater Inter,226,4,5,5,4,5,5,4,5,2,5,5,5,1,4,5,5,5,5,4,5,5,5,1,4,5,5,1,4,5,5,4,5,5,5,2,2,1,3,3,2,10,10,4,4,,,,,0,1,,,,,0,5
202,Swiftwater Inter,227,4,4,3,5,5,5,,5,3,5,5,4,2,1,5,5,4,5,4,4,3,3,3,4,2,4,4,4,3,5,4,4,4,4,2,3,1,2,4,4,9,9,4,4,,,,,1,1,,,,,0,0
203,Swiftwater Inter,228,3,5,5,5,5,5,5,5,4,4,5,5,5,1,4,4,5,5,5,5,5,5,1,3,5,5,3,3,5,5,5,5,5,5,3,1,2,2,7,3,9,9,4,4,,,,,1,,,,,,0,0
204,Swiftwater Inter,229,5,5,4,4,5,4,3,5,3,4,4,5,4,3,3,3,5,5,4,4,3,3,2,4,5,5,3,5,5,5,5,5,4,5,6,3,3,2,2,2,10,10,4,4,,,,,1,1,,,,,0,0
205,Swiftwater Inter,230,5,5,5,5,5,5,5,5,5,5,5,5,1,1,5,5,5,5,5,5,5,5,5,5,5,5,5,5,5,5,5,5,5,5,1,6,1,3,7,3,9,10,4,4,,,,,1,,,1,,,0,0
206,Swiftwater Inter,231,5,5,3,3,5,5,3,3,5,5,3,3,1,1,5,4,4,4,3,3,5,4,5,5,5,3,5,5,5,3,5,3,5,3,6,6,3,3,4,3,10,10,5,5,,,,,1,1,,,,,0,0
207,Swiftwater Inter,232,5,4,4,5,4,4,5,4,4,3,5,5,3,4,5,3,5,4,4,4,5,5,4,5,3,4,4,5,5,4,4,5,5,5,3,2,2,1,3,3,10,10,5,5,,,,,0,,1,1,,,1,1
208,Swiftwater Inter,233,5,4,4,5,5,5,5,5,4,3,5,5,4,2,5,5,5,5,5,4,5,5,4,4,5,5,4,3,5,5,4,5,5,5,6,5,3,3,3,4,10,10,5,5,,,,,0,,,1,1,,0,0
209,Swiftwater Inter,234,4,4,4,4,5,5,3,3,5,4,3,3,2,3,4,4,5,5,3,5,4,5,3,4,5,5,4,4,4,5,,5,5,5,2,3,2,2,6,4,9,9,4,4,,,,,1,1,,,,,0,0
210,Swiftwater Inter,235,,,,,,,,,,,,,,,,,,,,,,,,,,,,,,,,,,,,,,,,,,,,,,,,,,,,,,,,
211,Swiftwater Inter,236,,,,,,,,,,,,,,,,,,,,,,,,,,,,,,,,,,,,,,,,,,,,,,,,,,,,,,,,
212,Swiftwater Inter,237,,,,,,,,,,,,,,,,,,,,,,,,,,,,,,,,,,,,,,,,,,,,,,,,,,,,,,,,
213,Swiftwater Inter,238,,,,,,,,,,,,,,,,,,,,,,,,,,,,,,,,,,,,,,,,,,,,,,,,,,,,,,,,
214,Swiftwater Inter,239,,,,,,,,,,,,,,,,,,,,,,,,,,,,,,,,,,,,,,,,,,,,,,,,,,,,,,,,
215,Swiftwater Inter,240,,,,,,,,,,,,,,,,,,,,,,,,,,,,,,,,,,,,,,,,,,,,,,,,,,,,,,,,
216,Swiftwater Inter,241,,,,,,,,,,,,,,,,,,,,,,,,,,,,,,,,,,,,,,,,,,,,,,,,,,,,,,,,
217,LCA,116,2,2,3,3,4,5,3,4,2,2,2,3,2,3,3,2,4,3,3,4,2,3,1,2,4,5,2,1,4,4,4,5,4,5,6,3,2,1,5,2,10,10,5,5,,,,,1,1,,,,,1,1
218,LCA,117,1,1,4,4,4,4,5,5,4,3,4,3,2,1,4,3,4,3,3,2,2,2,3,3,4,4,2,3,4,5,4,4,4,5,2,3,2,1,4,4,9,9,4,4,,,,,1,1,,,,,0,0
219,LCA,118,4,4,4,4,5,,5,5,4,3,5,5,1,2,3,3,5,5,4,4,5,3,2,4,5,5,2,4,5,5,5,5,5,5,5,4,2,2,3,4,9,9,4,4,1,1,,,0,,,,,,1,1
220,LCA,119,5,5,4,4,4,4,5,5,5,5,4,3,3,4,4,4,4,3,3,4,5,5,4,5,4,3,5,5,4,4,4,4,5,5,6,6,2,2,5,5,10,11,5,5,,,,,1,1,,,,,2,3
221,LCA,120,4,5,5,,5,4,5,4,4,5,5,5,5,5,4,4,4,5,3,4,5,5,5,5,4,5,3,5,5,5,5,5,4,5,6,6,3,3,3,2,10,10,5,5,,,,,1,1,,,,,0,0
222,LCA,121,3,3,5,4,5,5,4,5,4,5,4,4,1,1,5,5,5,4,3,3,4,5,2,5,5,5,2,4,5,5,4,5,5,5,3,2,3,2,2,2,10,11,5,5,,,,,1,1,,,,,1,2
223,LCA,122,3,4,3,5,4,5,2,5,4,4,4,5,3,1,4,4,5,5,2,4,5,5,4,5,5,4,5,5,5,5,5,5,5,5,6,6,3,2,2,2,10,10,5,5,,,,,1,1,,,,,2,3
224,LCA,123,5,4,4,5,4,4,5,5,4,4,5,5,1,4,3,5,5,5,1,4,5,5,4,5,5,5,3,3,5,5,5,5,5,5,6,4,3,3,4,4,10,10,5,5,1,1,,,0,,,,,,2,3
225,LCA,124,2,4,5,2,5,5,3,3,4,4,5,5,2,4,5,3,4,5,3,4,4,4,2,3,5,5,4,4,5,5,5,4,5,5,4,4,2,2,3,2,8,8,3,3,,,,,1,1,,,,,0,0
226,LCA,125,4,5,5,4,4,4,4,5,5,3,4,5,1,4,4,3,5,5,4,4,4,4,1,3,5,4,5,4,5,4,5,4,5,5,3,3,1,2,4,4,8,8,3,3,1,1,,,0,,,,,,0,0
227,LCA,126,2,2,5,5,4,3,5,2,4,2,4,3,3,5,3,2,5,3,3,3,5,3,1,5,5,2,1,1,5,2,5,2,5,2,2,3,2,2,4,5,8,8,3,3,,,,,1,1,,,,,0,0
228,LCA,127,,2,,3,,2,,4,,5,,5,,4,,2,,5,,2,,2,,4,,5,,3,,4,,5,,4,,3,,1,,4,,10,,4,,,,,0,1,,,,,,1
229,LCA,128,,,,,,,,,,,,,,,,,,,,,,,,,,,,,,,,,,,,,,,,,,,,,,,,,,,,,,,,
230,LCA,129,,,,,,,,,,,,,,,,,,,,,,,,,,,,,,,,,,,,,,,,,,,,,,,,,,,,,,,,
231,LCA,130,,,,,,,,,,,,,,,,,,,,,,,,,,,,,,,,,,,,,,,,,,,,,,,,,,,,,,,,
232,LCA,131,,,,,,,,,,,,,,,,,,,,,,,,,,,,,,,,,,,,,,,,,,,,,,,,,,,,,,,,
233,LCA,132,,,,,,,,,,,,,,,,,,,,,,,,,,,,,,,,,,,,,,,,,,,,,,,,,,,,,,,,
234,LCA,133,,,,,,,,,,,,,,,,,,,,,,,,,,,,,,,,,,,,,,,,,,,,,,,,,,,,,,,,
235,LCA,134,,,,,,,,,,,,,,,,,,,,,,,,,,,,,,,,,,,,,,,,,,,,,,,,,,,,,,,,
236,LCA,135,,,,,,,,,,,,,,,,,,,,,,,,,,,,,,,,,,,,,,,,,,,,,,,,,,,,,,,,
